USE skor;

INSERT INTO `admin` (`email`, `name`, `password`, `actualPassword`) VALUES
("admin@smu.edu.sg", "SKOR Admin", "$5$rounds=535000$3rslfYmMOC9y22Af$h0Y/D6GfhfcapMn8awXR.622DEQHKzRdUqPQ8aa1cY7", "password");

-- ****************************************************************** --

INSERT INTO `faculty` (`email`, `name`, `password`, `actualPassword`) VALUES
("benjamingan@smu.edu.sg", "Benjamin GAN", "$5$rounds=535000$PnEYExv8NaUKllq6$DI0l5gRFzZATbjEuJ7h2YAEdzkJDXTsW16acZgyasf2", "password");

INSERT INTO `faculty` (`email`, `name`, `password`, `actualPassword`) VALUES
("elouh@smu.edu.sg", "OUH Eng Lieh", "$5$rounds=535000$FsC3NZDCYJA64GUo$aXC0.3j80ZzeE.9UPY3neuMc5Ptv0HJZfzN62mlmUU9", "password");

INSERT INTO `faculty` (`email`, `name`, `password`, `actualPassword`) VALUES
("gabriyelwong@smu.edu.sg", "Gabriyel WONG", "$5$rounds=535000$x12O.o/9N.JQ6k1I$jT87Zab5nuTDIVqBXOWQMQvidJVQBx1Vy8Chnj8EZp5", "password");

INSERT INTO `faculty` (`email`, `name`, `password`, `actualPassword`) VALUES
("kotarohara@smu.edu.sg", "Kotara HARA", "$5$rounds=535000$spvDspDRCxNnUyd4$Q.VZIL4IYI1Tv6fXDMBFcIiVzQlbExgm5BmCS4X7wj5", "password");

-- ****************************************************************** --

INSERT INTO `instructor` (`email`, `name`, `password`, `actualPassword`) VALUES
("coenchua@smu.edu.sg", "Coen CHUA", "$5$rounds=535000$ozqwNv1sqKNzkKjV$9Ri/kuJZk.a7G7BCvQYQe2nzcAKe7sAkZByDM3uotw8", "password");

INSERT INTO `instructor` (`email`, `name`, `password`, `actualPassword`) VALUES
("josephsung@smu.edu.sg", "Joseph SUNG", "$5$rounds=535000$PTG/y0VY8IH66C08$mL2dZQqFZElD3Chbuqghha4QzCj1dkHuNnmSJ3vMsxC", "password");

INSERT INTO `instructor` (`email`, `name`, `password`, `actualPassword`) VALUES
("kklee@smu.edu.sg", "LEE Kok Khing", "$5$rounds=535000$CszlyK7RS2Wzrajl$7rXWV7yl6Zv0dvwJEOYjBR1yzROIp6o.1inz2FKz9E8", "password");

INSERT INTO `instructor` (`email`, `name`, `password`, `actualPassword`) VALUES
("michellekan@smu.edu.sg", "Michelle KAN", "$5$rounds=535000$uCnOtPxjLkLMn46J$QDuBPFU0uihWB1RgcmrVx97aqLyoHv9RbPXH3BKKvyC", "password");

-- ****************************************************************** --

INSERT INTO `student` (`email`, `name`, `password`, `actualPassword`) VALUES
("altjandra.2019@smu.edu.sg", "Angela Lorenza TJANDRA", "$5$rounds=535000$Sj6mdp.xFui3FUZ3$C55ltEf2TEww9TpxKvkmnJz9SM/g5e.CffiVZ9VrZ1A", "password");

INSERT INTO `student` (`email`, `name`, `password`, `actualPassword`) VALUES
("candy.lim.2018@smu.edu.sg", "Candy LIM Qiu Hui", "$5$rounds=535000$Q6kus3AxDISSA3FR$/A0jsOI1qNjNyPZEf0aOSHlvHTIsPNXo9cuVmT34HK1", "password");

INSERT INTO `student` (`email`, `name`, `password`, `actualPassword`) VALUES
("jh.chew.2019@smu.edu.sg", "Geraldine CHEW Jing Hui", "$5$rounds=535000$Sj6mdp.xFui3FUZ3$C55ltEf2TEww9TpxKvkmnJz9SM/g5e.CffiVZ9VrZ1A", "password");

INSERT INTO `student` (`email`, `name`, `password`, `actualPassword`) VALUES
("gsatuito.2019@smu.edu.sg", "Glenda Marie Conejero SATUITO", "$5$rounds=535000$Q6kus3AxDISSA3FR$/A0jsOI1qNjNyPZEf0aOSHlvHTIsPNXo9cuVmT34HK1", "password");

INSERT INTO `student` (`email`, `name`, `password`, `actualPassword`) VALUES
("ivan.tan.2019@smu.edu.sg", "Ivan TAN Wei Han", "$5$rounds=535000$Sj6mdp.xFui3FUZ3$C55ltEf2TEww9TpxKvkmnJz9SM/g5e.CffiVZ9VrZ1A", "password");

INSERT INTO `student` (`email`, `name`, `password`, `actualPassword`) VALUES
("jhinyee.ong.2019@smu.edu.sg", "ONG Jhin Yee", "$5$rounds=535000$Q6kus3AxDISSA3FR$/A0jsOI1qNjNyPZEf0aOSHlvHTIsPNXo9cuVmT34HK1", "password");

INSERT INTO `student` (`email`, `name`, `password`, `actualPassword`, `isLogin`,`lastLogin`) VALUES
("jiemin.lim.2019@smu.edu.sg", "LIM Jie Min", "$5$rounds=535000$Sj6mdp.xFui3FUZ3$C55ltEf2TEww9TpxKvkmnJz9SM/g5e.CffiVZ9VrZ1A", "password", "1", "25 Jul 2021 17:27");

INSERT INTO `student` (`email`, `name`, `password`, `actualPassword`) VALUES
("lingjia.ow.2019@smu.edu.sg", "OW Ling Jia", "$5$rounds=535000$Q6kus3AxDISSA3FR$/A0jsOI1qNjNyPZEf0aOSHlvHTIsPNXo9cuVmT34HK1", "password");

INSERT INTO `student` (`email`, `name`, `password`, `actualPassword`) VALUES
("rachel.chan.2019@smu.edu.sg", "Rachel Esther CHAN Li", "$5$rounds=535000$Sj6mdp.xFui3FUZ3$C55ltEf2TEww9TpxKvkmnJz9SM/g5e.CffiVZ9VrZ1A", "password");

INSERT INTO `student` (`email`, `name`, `password`, `actualPassword`) VALUES
("wslee.2019@smu.edu.sg", "Geraldine LEE Wen She", "$5$rounds=535000$Q6kus3AxDISSA3FR$/A0jsOI1qNjNyPZEf0aOSHlvHTIsPNXo9cuVmT34HK1", "password");

INSERT INTO `student` (`email`, `name`, `password`, `actualPassword`) VALUES
("yvonne.lim.2020@smu.edu.sg", "Yvonne LIM Hui Shan", "$5$rounds=535000$Sj6mdp.xFui3FUZ3$C55ltEf2TEww9TpxKvkmnJz9SM/g5e.CffiVZ9VrZ1A", "password");

INSERT INTO `student` (`email`, `name`, `password`, `actualPassword`) VALUES
("zhihao.lim.2019@smu.edu.sg", "LIM Zhi Hao", "$5$rounds=535000$Q6kus3AxDISSA3FR$/A0jsOI1qNjNyPZEf0aOSHlvHTIsPNXo9cuVmT34HK1", "password");

-- FAKE DATA -- 
INSERT INTO `student` (`email`, `name`, `password`, `actualPassword`) VALUES
("adam.tan.2019@smu.edu.sg", "Adam Tan", "$5$rounds=535000$yFeTUa5BZuX7M2ii$gk0JEAWFTJ1vXfFuPJEvusIV6YGfem24VFqm0iPiRV5", "password");

INSERT INTO `student` (`email`, `name`, `password`, `actualPassword`) VALUES
("john.doe.2019@smu.edu.sg", "John Doe", "$5$rounds=535000$isbqntfgy32F76Os$PpYlFyWAuDPFS7A3PcyDycxcWds.xylXN8MMCVNFgz1", "password");

INSERT INTO `student` (`email`, `name`, `password`, `actualPassword`) VALUES
("tammy.lim.2019@smu.edu.sg", "Tammy Lim", "$5$rounds=535000$yBmALlc.Q6ZTkpyo$3xKMtjZzPbXUfyJtcW.uvppexxZkedCkgCJcfOPJ8U8", "password");

INSERT INTO `student` (`email`, `name`, `password`, `actualPassword`) VALUES
("sarah.ong.2019@smu.edu.sg", "Sarah Ong", "$5$rounds=535000$NxSI7Fy.a83MYT75$jMaeIXsKhjRcAkigi2J/n2jMOPdL4mh7WJzJhqi7zD0", "password");

INSERT INTO `student` (`email`, `name`, `password`, `actualPassword`) VALUES
("ryan.tan.2019@smu.edu.sg", "Ryan Tan", "$5$rounds=535000$5g6q6sowPVtuOSBg$s6tTKQHiLnw3BzPwRVbwmMe3rgo55t/gY2CwrtCnPz6", "password");

INSERT INTO `student` (`email`, `name`, `password`, `actualPassword`) VALUES
("albeit.einstein.2019@smu.edu.sg", "Albeit Einstein", "$5$rounds=535000$nzlktq3diohXeCVb$28Oa3eKwAHi5YJ7wXsMHQBU.EQey9TpqMyrdKra5XD8", "password");

INSERT INTO `student` (`email`, `name`, `password`, `actualPassword`) VALUES
("alan.turing.2019@smu.edu.sg", "Alan Turing", "$5$rounds=535000$nKGFb77mjgw8o9K7$2PuuiimPbTKllhPzvKcCrZwmDBp4IuLuEvfjYSYgM83", "password");

INSERT INTO `student` (`email`, `name`, `password`, `actualPassword`) VALUES
("bobby.builder.2019@smu.edu.sg", "Bobby Builder", "$5$rounds=535000$82T9BxPojqFs9Po7$ErqGARqWfB8cah.PZG3KEjXqTyWfA4m8KNblZeOSdJ.", "password");

INSERT INTO `student` (`email`, `name`, `password`, `actualPassword`) VALUES
("jimmy.chan.2019@smu.edu.sg", "Jimmy Chan", "$5$rounds=535000$Q6NWq/fG0EqyNZXw$Le5ZKFrq8MyiWNxlVufhvSBo9qqBpPLh0ucUS4v7X09", "password");

INSERT INTO `student` (`email`, `name`, `password`, `actualPassword`) VALUES
("xiao.ming.2019@smu.edu.sg", "Xiao Ming", "$5$rounds=535000$B9Lzug7AqmV..Vx8$xcRERjh8f5nspkxB..dVgL8lJsL0EvPiypBYCa0aNe8", "password");

INSERT INTO `student` (`email`, `name`, `password`, `actualPassword`) VALUES
("wei.ming.2019@smu.edu.sg", "Wei Ming", "$5$rounds=535000$gPy/jbVCCVB5f0q9$9RRIQqqz8STjwS9EO7fqB4x6Ja47KEdHRbeSk2OOIpD", "password");

INSERT INTO `student` (`email`, `name`, `password`, `actualPassword`) VALUES
("ah.gao.2019@smu.edu.sg", "Ah Gao", "$5$rounds=535000$5zT1nkoqCJdisWNU$W0XiAhpojq4DtrOI8j7Bg2Xh1DsJ2xiepjZvLs0DVIA", "password");

INSERT INTO `student` (`email`, `name`, `password`, `actualPassword`) VALUES
("muhd.iqbal.2019@smu.edu.sg", "Muhd Iqbal", "$5$rounds=535000$oCtAzltJPGrUaQs9$RB0zjMjj2xcxLryKIuROeu0uvlkssBwgEyA3F9gRNH3", "password");

INSERT INTO `student` (`email`, `name`, `password`, `actualPassword`) VALUES
("isabelle.lee.2019@smu.edu.sg", "Isabelle Lee", "$5$rounds=535000$KUsParXj41LETxS5$lUCon64Z4GFRMysF9OeOPPSMflw3lbU4s.DdEjmWF1C", "password");

INSERT INTO `student` (`email`, `name`, `password`, `actualPassword`) VALUES
("kelly.sim.2019@smu.edu.sg", "Kelly Sim", "$5$rounds=535000$SlWMLIIUM2uC/LSd$i6a35lL6tc1vnXqu5iL2iGkqpWdA21rKxySHx4awz92", "password");

INSERT INTO `student` (`email`, `name`, `password`, `actualPassword`) VALUES
("jenny.ow.2019@smu.edu.sg", "Jenny Ow", "$5$rounds=535000$RVaQsQ3CXdPZM4C6$cfT1Oz3aqJiEls5jg1HRqNIRWkFYtD4IbsJ0Ba9tab.", "password");

INSERT INTO `student` (`email`, `name`, `password`, `actualPassword`) VALUES
("wei.ling.2019@smu.edu.sg", "Wei Ling", "$5$rounds=535000$oCtAzltJPGrUaQs9$RB0zjMjj2xcxLryKIuROeu0uvlkssBwgEyA3F9gRNH3", "password");

INSERT INTO `student` (`email`, `name`, `password`, `actualPassword`) VALUES
("sharon.wong.2019@smu.edu.sg", "Sharon Wong", "$5$rounds=535000$KUsParXj41LETxS5$lUCon64Z4GFRMysF9OeOPPSMflw3lbU4s.DdEjmWF1C", "password");

INSERT INTO `student` (`email`, `name`, `password`, `actualPassword`) VALUES
("daniel.lim.2019@smu.edu.sg", "Daniel Lim", "$5$rounds=535000$SlWMLIIUM2uC/LSd$i6a35lL6tc1vnXqu5iL2iGkqpWdA21rKxySHx4awz92", "password");

INSERT INTO `student` (`email`, `name`, `password`, `actualPassword`) VALUES
("ruby.ang.2019@smu.edu.sg", "Ruby Ang", "$5$rounds=535000$RVaQsQ3CXdPZM4C6$cfT1Oz3aqJiEls5jg1HRqNIRWkFYtD4IbsJ0Ba9tab.", "password");

-- ****************************************************************** --

INSERT INTO `term` (`acadYear`, `termNo`, `startDate`, `endDate`, `isCurrent`) VALUES
("AY2021-22", 1, "2021-08-17", "2020-12-03", 1);

-- ****************************************************************** --

INSERT INTO `taTerm` (`email`, `acadYear`, `termNo`) VALUES
("altjandra.2019@smu.edu.sg", "AY2021-22", 1);

INSERT INTO `taTerm` (`email`, `acadYear`, `termNo`) VALUES
("candy.lim.2018@smu.edu.sg", "AY2021-22", 1);

INSERT INTO `taTerm` (`email`, `acadYear`, `termNo`) VALUES
("jh.chew.2019@smu.edu.sg", "AY2021-22", 1);

INSERT INTO `taTerm` (`email`, `acadYear`, `termNo`) VALUES
("gsatuito.2019@smu.edu.sg", "AY2021-22", 1);

INSERT INTO `taTerm` (`email`, `acadYear`, `termNo`) VALUES
("ivan.tan.2019@smu.edu.sg", "AY2021-22", 1);

INSERT INTO `taTerm` (`email`, `acadYear`, `termNo`) VALUES
("jhinyee.ong.2019@smu.edu.sg", "AY2021-22", 1);

INSERT INTO `taTerm` (`email`, `acadYear`, `termNo`) VALUES
("jiemin.lim.2019@smu.edu.sg", "AY2021-22", 1);

INSERT INTO `taTerm` (`email`, `acadYear`, `termNo`) VALUES
("lingjia.ow.2019@smu.edu.sg", "AY2021-22", 1);

INSERT INTO `taTerm` (`email`, `acadYear`, `termNo`) VALUES
("rachel.chan.2019@smu.edu.sg", "AY2021-22", 1);

INSERT INTO `taTerm` (`email`, `acadYear`, `termNo`) VALUES
("wslee.2019@smu.edu.sg", "AY2021-22", 1);

INSERT INTO `taTerm` (`email`, `acadYear`, `termNo`) VALUES
("yvonne.lim.2020@smu.edu.sg", "AY2021-22", 1);

INSERT INTO `taTerm` (`email`, `acadYear`, `termNo`) VALUES
("zhihao.lim.2019@smu.edu.sg", "AY2021-22", 1);

-- ****************************************************************** --

INSERT INTO `course` (`courseCode`, `courseName`) VALUES 
("IS211", "Interactive Design and Prototyping");

-- ****************************************************************** --

INSERT INTO `courseOffering` (`acadYear`, `termNo`, `courseCode`) VALUES
("AY2021-22", 1, "IS211");

-- ****************************************************************** --

INSERT INTO `section` (`acadYear`, `termNo`, `courseCode`, `sectionNo`, `facultyEmail`, `instructorEmail`, `taEmail`, `day`, `startDate`, `startTime`, `endTime`) VALUES
("AY2021-22", 1, "IS211", 1, "benjamingan@smu.edu.sg", "coenchua@smu.edu.sg", "jiemin.lim.2019@smu.edu.sg", "Mon", "2021-08-16", "0815", "1130");

-- ****************************************************************** --

INSERT INTO `session` (`acadYear`, `termNo`, `courseCode`, `sectionNo`, `sessNo`, `date`) VALUES
("AY2021-22", 1, "IS211", 1, 1, "2021-08-16");

INSERT INTO `session` (`acadYear`, `termNo`, `courseCode`, `sectionNo`, `sessNo`, `date`) VALUES
("AY2021-22", 1, "IS211", 1, 2, "2021-08-23");

INSERT INTO `session` (`acadYear`, `termNo`, `courseCode`, `sectionNo`, `sessNo`, `date`) VALUES
("AY2021-22", 1, "IS211", 1, 3, "2021-08-30");

INSERT INTO `session` (`acadYear`, `termNo`, `courseCode`, `sectionNo`, `sessNo`, `date`) VALUES
("AY2021-22", 1, "IS211", 1, 4, "2021-09-06");

INSERT INTO `session` (`acadYear`, `termNo`, `courseCode`, `sectionNo`, `sessNo`, `date`) VALUES
("AY2021-22", 1, "IS211", 1, 5, "2021-09-13");

INSERT INTO `session` (`acadYear`, `termNo`, `courseCode`, `sectionNo`, `sessNo`, `date`) VALUES
("AY2021-22", 1, "IS211", 1, 6, "2021-09-20");

INSERT INTO `session` (`acadYear`, `termNo`, `courseCode`, `sectionNo`, `sessNo`, `date`) VALUES
("AY2021-22", 1, "IS211", 1, 7, "2021-09-27");

INSERT INTO `session` (`acadYear`, `termNo`, `courseCode`, `sectionNo`, `sessNo`, `date`) VALUES
("AY2021-22", 1, "IS211", 1, 8, "2021-10-04");

INSERT INTO `session` (`acadYear`, `termNo`, `courseCode`, `sectionNo`, `sessNo`, `date`) VALUES
("AY2021-22", 1, "IS211", 1, 9, "2021-10-11");

INSERT INTO `session` (`acadYear`, `termNo`, `courseCode`, `sectionNo`, `sessNo`, `date`) VALUES
("AY2021-22", 1, "IS211", 1, 10, "2021-10-18");

INSERT INTO `session` (`acadYear`, `termNo`, `courseCode`, `sectionNo`, `sessNo`, `date`) VALUES
("AY2021-22", 1, "IS211", 1, 11, "2021-10-25");

INSERT INTO `session` (`acadYear`, `termNo`, `courseCode`, `sectionNo`, `sessNo`, `date`) VALUES
("AY2021-22", 1, "IS211", 1, 12, "2021-11-01");

INSERT INTO `session` (`acadYear`, `termNo`, `courseCode`, `sectionNo`, `sessNo`, `date`) VALUES
("AY2021-22", 1, "IS211", 1, 13, "2021-11-08");

-- ****************************************************************** --
-- FAKE DATA -- 
INSERT INTO `enrolment` (`acadYear`, `termNo`, `courseCode`, `sectionNo`, `studentEmail`) VALUES 
("AY2021-22", 1, "IS211", 1, "adam.tan.2019@smu.edu.sg");

INSERT INTO `enrolment` (`acadYear`, `termNo`, `courseCode`, `sectionNo`, `studentEmail`) VALUES
("AY2021-22", 1, "IS211", 1, "john.doe.2019@smu.edu.sg");

INSERT INTO `enrolment` (`acadYear`, `termNo`, `courseCode`, `sectionNo`, `studentEmail`) VALUES
("AY2021-22", 1, "IS211", 1, "tammy.lim.2019@smu.edu.sg");

INSERT INTO `enrolment` (`acadYear`, `termNo`, `courseCode`, `sectionNo`, `studentEmail`) VALUES
("AY2021-22", 1, "IS211", 1, "sarah.ong.2019@smu.edu.sg");

INSERT INTO `enrolment` (`acadYear`, `termNo`, `courseCode`, `sectionNo`, `studentEmail`) VALUES
("AY2021-22", 1, "IS211", 1, "ryan.tan.2019@smu.edu.sg");

INSERT INTO `enrolment` (`acadYear`, `termNo`, `courseCode`, `sectionNo`, `studentEmail`) VALUES
("AY2021-22", 1, "IS211", 1, "albeit.einstein.2019@smu.edu.sg");

INSERT INTO `enrolment` (`acadYear`, `termNo`, `courseCode`, `sectionNo`, `studentEmail`) VALUES
("AY2021-22", 1, "IS211", 1, "alan.turing.2019@smu.edu.sg");

INSERT INTO `enrolment` (`acadYear`, `termNo`, `courseCode`, `sectionNo`, `studentEmail`) VALUES
("AY2021-22", 1, "IS211", 1, "bobby.builder.2019@smu.edu.sg");

INSERT INTO `enrolment` (`acadYear`, `termNo`, `courseCode`, `sectionNo`, `studentEmail`) VALUES
("AY2021-22", 1, "IS211", 1, "jimmy.chan.2019@smu.edu.sg");

INSERT INTO `enrolment` (`acadYear`, `termNo`, `courseCode`, `sectionNo`, `studentEmail`) VALUES
("AY2021-22", 1, "IS211", 1, "xiao.ming.2019@smu.edu.sg");

INSERT INTO `enrolment` (`acadYear`, `termNo`, `courseCode`, `sectionNo`, `studentEmail`) VALUES
("AY2021-22", 1, "IS211", 1, "wei.ming.2019@smu.edu.sg");

INSERT INTO `enrolment` (`acadYear`, `termNo`, `courseCode`, `sectionNo`, `studentEmail`) VALUES
("AY2021-22", 1, "IS211", 1, "ah.gao.2019@smu.edu.sg");

INSERT INTO `enrolment` (`acadYear`, `termNo`, `courseCode`, `sectionNo`, `studentEmail`) VALUES
("AY2021-22", 1, "IS211", 1, "muhd.iqbal.2019@smu.edu.sg");

INSERT INTO `enrolment` (`acadYear`, `termNo`, `courseCode`, `sectionNo`, `studentEmail`) VALUES
("AY2021-22", 1, "IS211", 1, "isabelle.lee.2019@smu.edu.sg");

INSERT INTO `enrolment` (`acadYear`, `termNo`, `courseCode`, `sectionNo`, `studentEmail`) VALUES
("AY2021-22", 1, "IS211", 1, "kelly.sim.2019@smu.edu.sg");

INSERT INTO `enrolment` (`acadYear`, `termNo`, `courseCode`, `sectionNo`, `studentEmail`) VALUES
("AY2021-22", 1, "IS211", 1, "jenny.ow.2019@smu.edu.sg");

INSERT INTO `enrolment` (`acadYear`, `termNo`, `courseCode`, `sectionNo`, `studentEmail`) VALUES
("AY2021-22", 1, "IS211", 1, "wei.ling.2019@smu.edu.sg");

INSERT INTO `enrolment` (`acadYear`, `termNo`, `courseCode`, `sectionNo`, `studentEmail`) VALUES
("AY2021-22", 1, "IS211", 1, "sharon.wong.2019@smu.edu.sg");

INSERT INTO `enrolment` (`acadYear`, `termNo`, `courseCode`, `sectionNo`, `studentEmail`) VALUES
("AY2021-22", 1, "IS211", 1, "daniel.lim.2019@smu.edu.sg");

INSERT INTO `enrolment` (`acadYear`, `termNo`, `courseCode`, `sectionNo`, `studentEmail`) VALUES
("AY2021-22", 1, "IS211", 1, "ruby.ang.2019@smu.edu.sg");

-- ****************************************************************** --
-- FAKE DATA -- 
INSERT INTO `participation` (`acadYear`, `termNo`, `courseCode`, `sectionNo`, `sessNo`, `studentEmail`, `datetime`, `score`, `isAccepted`) VALUES
("AY2021-22", 1, "IS211", 1, 1, "sarah.ong.2019@smu.edu.sg", "1", 0, 0);

INSERT INTO `participation` (`acadYear`, `termNo`, `courseCode`, `sectionNo`, `sessNo`, `studentEmail`, `datetime`, `score`, `isAccepted`) VALUES
("AY2021-22", 1, "IS211", 1, 1, "sarah.ong.2019@smu.edu.sg", "2", 0, 0);

-- ****************************************************************** --
-- FAKE DATA -- 
-- INSERT INTO `studentSessionScore` (`acadYear`, `termNo`, `courseCode`, `sectionNo`, `sessNo`, `studentEmail`, `score`) VALUES
-- ("AY2021-22", 1, "IS211", 1, 1, "sarah.ong.2019@smu.edu.sg", 0);

-- ****************************************************************** --

INSERT INTO `skorEmail` (`email`, `password`, `domain`, `selected`) VALUES ("skorsmu@gmail.com", "seCre+12", "google", 1);

INSERT INTO `skorEmail` (`email`, `password`, `domain`, `selected`) VALUES ("skorsmu1@gmail.com", "seCre+12", "google", 0);

-- ****************************************************************** --

INSERT INTO `configuration` (`id`, `testMode`) VALUES (1, 1);